{"cameraMode":{"drawMode":0,"name":"Shaded","section":"Shading Mode"},"sceneLighting":true,"audioPlay":false,"sceneViewState":{"m_AlwaysRefresh":false,"showFog":true,"showSkybox":true,"showFlares":true,"showImageEffects":true,"showParticleSystems":true,"showVisualEffectGraphs":true,"m_FxEnabled":true},"in2DMode":false,"pivot":{"x":2.3496973514556886,"y":2.4548587799072267,"z":-0.5060482025146484},"rotation":{"x":0.014690053649246693,"y":0.009597056545317173,"z":0.00013546811533160508,"w":-0.9998542666435242},"size":9.494721412658692,"orthographic":false}